trial,t0_utc,scenario,t1_route_changed_ms,t2_first_reply_ms,t3_stable_ms,asymmetry_t2_minus_t1_ms
0,2026-09-26T21:32:30.106957,C,,573.8,4973.66,
1,2026-09-26T21:32:50.552179,C,,568.67,4969.78,
2,2026-09-26T21:33:10.588848,C,,365.89,4137.22,
3,2026-09-26T21:33:31.231671,C,,566.92,4749.28,
4,2026-09-26T21:33:51.892019,C,,565.66,4766.64,
5,2026-09-26T21:34:12.150170,C,,363.57,4779.34,
6,2026-09-26T21:34:32.344255,C,,361.76,4555.23,
7,2026-09-26T21:34:52.373261,C,,566.04,4360.99,
8,2026-09-26T21:35:12.829920,C,,368.86,4951.98,
9,2026-09-26T21:35:32.896365,C,,577.41,4569.31,
10,2026-09-26T21:35:53.558300,C,,565.54,5168.48,
11,2026-09-26T21:36:13.989236,C,,363.57,4755.79,
12,2026-09-26T21:36:34.421968,C,,558.81,5170.04,
13,2026-09-26T21:36:54.672792,C,,572.44,4767.02,
14,2026-09-26T21:37:14.693442,C,,563.77,4748.79,
15,2026-09-26T21:37:35.194275,C,,570.83,5001.48,
16,2026-09-26T21:37:55.859971,C,,567.07,4978.39,
17,2026-09-26T21:38:15.701824,C,,583.16,4366.42,
18,2026-09-26T21:38:36.357022,C,,570.16,4989.94,
19,2026-09-26T21:38:56.597884,C,,563.84,4559.13,
